{
    "mae": 9267.644726027402,
    "mean_squared_error": 565438470.1960586
}