{
    "mae": 10054.251352739733,
    "mean_squared_error": 657645121.8506359
}