{
    "mae": 10157.684948630134,
    "mean_squared_error": 682645948.6138269
}